0	When I was a kid a million years ago, during the 1980s, our president was a doddering simpleton who really, really hated communists. The Gipper once made a “joke” that the United States was going to nuke the Soviet Union. He didn’t know the mic was on, and the chiste didn’t go over so well. In fact, the comment was “taken seriously by the Soviets, who stood on alert for 30 minutes.” As horrific as this gaffe was, at least Reagan wasn’t serious. The same cannot be said for the current GOP inhabitant of the
0	Air pollution may be a global problem, but it’s one where local action makes a big difference. Across the nation, cities like Houston are stepping up to address air pollution and air quality, often in the face of inaction by state and federal governments. City Hall is the first call most residents make when they face a problem, and for good reason. City government is closest to the people, and it is, by nature, the most responsive. Cities have the responsibility to do everything in their power to protect 
0	Accident vasculaire cérébral : l ignorance peut être fatale Un traitement en urgence réduit le risque de handicap en cas d accident vasculaire cérébral. Une enquête montre que l ignorance des symptômes retarde la prise en charge. L accident vasculaire cérébral (AVC) frappe chaque année 150 000 personnes dans notre pays. C est la principale cause de handicap chez l adulte. Un médicament injecté dans les trois heures suivant les premiers symptômes réduit le risque de séquelles de 40 % après un AVC. Or, une 
0	"Guinée: décès du président Lansana Conté après 24 ans de règne contesté Le président de Guinée, le général Lansana Conté, est mort lundi soir à l âge de 74 ans, après un long règne de 24 ans marqué par de sanglantes répressions et une gestion calamiteuse d un pays classé parmi les plus pauvres du monde malgré un sous-sol très riche. Aussitôt après l annonce du décès, dans la nuit de lundi à mardi, le Premier ministre Ahmed Tidiane Souaré a lancé, via la télévision d Etat, un appel ""au calme et à la retenu"
0	"Dépêches - Kabila assure multiplier les initiatives pour pacifier l est de la RDC Kabila assure multiplier les initiatives pour pacifier l est de la RDC AFP 13 déc. 08 - 18h25 KINSHASA, 13 déc 2008 - Le président congolais Joseph Kabila a assuré samedi ""multiplier"" les initiatives pour tenter de trouver une issue négociée au conflit dans l est de la République démocratique du Congo (RDC), lors d un rare discours à la Nation. ""En ce moment douloureux que traverse notre pays (...) nous multiplions les actio"
0	Le Colonel Verbroeck : « La Belgique est à la base de la création de la première brigade intégrée » Instructeur et commandant de promotion à lEcole de formation des officiers (EFO) de Kananga, au Kasai Occidental, le colonel belge, Verbroeck parle du partenariat militaire belgo- congolais depuis 2003. Il répond aux questions du journal Le Potentiel. Le Potentiel : Colonel, depuis combien de temps êtes-vous au Congo ? Colonel Verbroeck : Je suis arrivé au début de lannée 2003. Jentame bientôt ma 6ème année
0	Around the world there is strife and violence. In all those global hotspots -- from Syria to Iraq, from Afghanistan to Darfur -- innocent children are among those suffering the most, yet there is often too little attention paid to the physical and emotional trauma they endure. Syria -- where, prior to 2010 almost all children were enrolled in school and literacy rates exceeded 90 percent -- today has the second-lowest enrollment rate in the world, with almost three million children no longer in class. One
0	USA: Une femme reçoit la première greffe quasi-totale d un visage Washington Une équipe de huit chirurgiens de l Ohio (nord des Etats-Unis) a greffé le visage d une femme à 80%. Cette greffe faciale presque totale est présentée comme une première mondiale par la clinique, qui n a pas révélé l identité de la patiente. ats | 17.12.2008 | 12:46 Il s agit de la quatrième greffe du visage menée avec succès dans le monde. Ces opérations sont controversées car elles comportent des risques et sont plutôt réalisée
0	    \t   90% деятельности террористов совершаются в социальных сетях: Израиль сегодня      Израильские и палестинские СМИ комментируют вчерашнюю встречу представителей правительства Израиля и Палестинской национальной администрации (ПНА) которая проходила в Аммане. Это была первая подобная встреча за последние 16 месяцев. Она длилась около трех часов. Переговоры представителя палестинской администрации Саиба Ариката и советника израильского правительства Ицхака Молхо были разбиты на два этапа. Сначала пер
0	 Accidents involving pedestrians wearing headphones has increased: study The number of pedestrians wearing headphones who are seriously injured or killed near roadways and railways has tripled in six years, a new US study shows. According to Bloomberg Businessweek, between 2004 to 2005, the number of headphone-wearing pedestrians who were seriously injured was 16. By 2011, the number had increased to 47. According to the study, published in the journal Injury Prevention, in 34 of the 116 cases mentioned, 
0	I have a confession to make. I am a prolific Facebook poster. Social media has been a means of connecting with kindred spirits worldwide. I am indeed a people person and do have many face-to-face friends as well, not just those I encounter in cyberspace. It has also been a way of spreading the word about the work I do and to share the articles I write for various venues. It has become a platform for expression, much like a blank painting canvas. Each time I pause to consider what I want to offer those who
0	Lancement dun projet de développement rural 2,2 milliards de F CFA pour financer laugmentation de la productivité agricole dans lAdamaoua et lEst. Le programme de développement rural des provinces de lAdamaoua et de lEst a été lancé samedi dernier à Meiganga par le ministre dEtat, ministre de la Planification, de la Programmation du développement et de lAménagement du territoire, Augustin Frédéric Kodock. Il sagit dun programme dun montant denviron 2,2 milliards de F CFA. Ces fonds sont destinés à finance
0	 Why We Still Have Body Hair Published December 15, 2011 Human body hair might seem to be useless on today s modern man, but it could help us detect parasites, researchers suggest, adding there s a chance our female ancestors preferred a bug-free mate, and so opted for hairier guys. Humans appear relatively hairless compared with our ape relatives, but the density of hair follicles on our skin is actually the same as would be expected of an ape our size. The fine hairs that cover our bodies, which have re
1	"Le Zimbabwe en train de devenir un ""Etat défaillant"" Le Zimbabwe est en train de tomber rapidement au rang d Etat ""défaillant"", alors que le président Robert Mugabe tient le pays en otage, a dénoncé jeudi l ambassadeur des Etats-Unis à Harare, James McGee. Pour faire face à l épidémie de choléra qui frappe le pays, Washington a débloqué une aide supplémentaire de 6,2 millions de dollars pour distribuer des produits sanitaires, des pastilles de purification de l eau et des médicaments, a annoncé pour sa pa"
1	Reuters Thursday 08 May 2014 Saudi Arabia replaced the head of Jeddah’s King Fahd Hospital on Tuesday as it struggled with mounting deaths from the SARS-like Middle East Respiratory Syndrome ahead of an influx of Muslim pilgrims in July. The Health Ministry said on its website the move aimed to fight the spread of the virus and would “guarantee the immediate improvement of the medical care service” in the hospital, where a number of MERS patients are being treated. In a separate statement, the World Healt
0	    \t   В Москве в первые дни 2012 г было вдвое меньше пожаров чем год назад      МОСКВА 4 янв — РИА Новости. Число пожаров произошедших в столице в новогоднюю ночь и первые дни нового года снизилось по сравнению с прошлым годом в два раза сообщил журналистам в среду начальник управления надзорной деятельности ГУМЧС РФ по Москве Олег Найденков.      «С 31 декабря 2011 года по 3 января 2012 года произошло 54 пожара. По сравнению с предыдущим годом — снижение на 50%» — сказал Найденков.      Он добавил что
0	    年節食品抽驗 漂白劑超標6倍   2012.01.17 03:45 am   北市抽驗 部分蠶豆 豆干不合格 / 張益華 陳欣怡    衛生局昨天公布2012年第3波年節產品品質檢驗不符規定名單，共有藍太太販售的蠶豆（中）等11項商品不合規定。   記者陳立凱／攝影下周日就是除夕，台北市衛生局昨天公布最後一波年節食品抽查結果，其中一件蠶豆漂白劑殘留量高達6倍，還有4件五香豆乾防腐劑超標。    衛生局食藥處處長陳立奇表示，這次檢驗針對即食豆製品、米濕製品、肉加工品、素食食品、水產加工品、堅果加工品等，一共抽驗了167件產品，共有11件不合格。    不合格產品中，有兩件蠶豆二氧化硫殘留量超標，其中一件甚至高達6倍，產品皆來自新北市板橋區的東興田豆食品有限公司。另外有4件五香豆乾防腐劑己二烯酸超標，產品皆來自台中市的晟祐食品有限公司。    東興田豆周姓業者回應，原本在蠶豆內加入二氧化硫，是想讓顏色漂亮一點，接獲衛生局通知後就已將產品下架，將檢討超標原因；而且在新的一批產品中也已不敢使用二氧化硫。台中市的晟祐食品林姓業者回應，可能是滷的時候，己二烯酸攪拌不均，才造成這批產品檢驗超標，已將產品下架。 
0	    惠誉：希腊终将违约 但或会有序进行2012-01-17 20:36:43\u3000来源: 财华社(深圳)\u3000有0人参与手机看新闻   惠誉评级周二表示，希腊债务将违约，尽管此次违约可能是有序的。   惠誉负责欧洲、中东和非洲主权和超国家组织的主管 Edward Parker表示，希腊债务违约即将发生，希腊已无偿债能力，因此将会违约。   Parker称，惠誉相信即使该国私营部门同意自愿减记希腊债务，希腊债务也将构成违约。并认为最糟糕的结果是无序违约的发生。   标普评级负责欧洲主权信用评级的主管Moritz Kraemer早前亦曾表示，希腊不久将发生债务违约。    ]
0	" \t   «Δε θα μας τελειώσετε»!      Αγωνιστικές παρεμβάσεις χτες σε όλη τη χώρα σε διόδια πλατείες οδικούς κόμβους ΔΕΗ ΑΤΕ...     ""«Δε θα σας αφήσουμε να μας τελειώσετε. Μαζί με τους αγρότες τους εργαζόμενους και τα άλλα λαϊκά στρώματα σε κοινό μέτωπο πάλης θ  αγωνιστούμε με όλες τις δυνάμεις μας για την ανατροπή της αντιαγροτικής - αντιλαϊκής πολιτικής που μας οδηγεί σε ολοκληρωτική καταστροφή και για μια διαφορετική αγροτική ανάπτυξη υπέρ των συμφερόντων της μικρομεσαίας αγροτιάς και για την εξυπηρέτηση "
0	    醫生的高工資要高在明處   鉅亨網新聞中心\u3000(來源：財匯資訊，摘自：中國經濟網)\u30002012-01-17 13:37:02\u3000   “醫務人員的工資本來就應該比別人高。醫生工資應該比市內平均工資高5～10倍，這樣醫生才能有尊嚴地活著，醫改才能成功。”在近日召開的廣東省政協分組討論會上，廣東省政協委員、省婦幼保健院副院長王頎表示。（   “醫務人員的工資本來就應該比別人高。醫生工資應該比市內平均工資高5～10倍，這樣醫生才能有尊嚴地活著，醫改才能成功。”在近日召開的廣東省政協分組討論會上，廣東省政協委員、省婦幼保健院副院長王頎表示。（見1月14日《新快報》）    應當承認，在現代社會，“醫務人員的工資本來就應該比別人高”不是一個錯誤說法，“比市內平均工資高5～10倍”也并不算特別離譜和不可理喻。美國政府此前公布的職業工資調查數據顯示，2008年美國收入最高的10個專業性職業中，9個與醫學相關。其中，收入最高的外科醫生平均年薪高達20.6萬美元，而同期全美所有行業平均年薪不過3.9萬美元。    醫務人員的工資之所以“本來就應該比別人高”，無疑具有很多基於職業特殊性的理由。
0	"I was born in 1971; you could do the math, but I m begging you: Please don t! For as long as I can remember, there was always a nagging question in the back of my mind that I could never quite find the answer to. I found myself asking that same question over and over again: ""Why am I here?"" When I was younger, my mom told me the story of how I came into being. She was done having children. In fact, she told me that she had given away all of my sister s baby stuff, who is five years older than me. She told"
1	"Dépêche : HARARE (AFP) - Zimbabwe: le gouvernement qualifie d ""urgence nationale"" l épidémie de choléra Le gouvernement du Zimbabwe a qualifié d ""urgence nationale"" l épidémie de choléra qui a déjà fait plus de 550 morts dans le pays et appelé à l aide la communauté internationale, ont souligné jeudi les médias officiels. ""L appel d urgence nous aidera à réduire le nombre de malades et de morts lié à l actuelle situation socio-économique"", a déclaré le ministre zimbabwéen de la Santé David Parirenyatwa, c"
0	"This is an archived article and the information in the article may be outdated. Please look at the time stamp on the story to see when it was last updated. Please enable Javascript to watch this video Dermatologists like Dr. Zoe Draelos are placing a greater focus on a skin cancer that is becoming more common. ""It s a highly deadly form of skin cancer and it is rising,” Draelos said. “If it s not caught early it is uniformly deadly."" Draelos is seeing more cases of melanoma, a skin cancer that can spread "
0	Members of the public have been warned about the operations of rogue health officers at Nairobi City Hall who have been injecting travellers with water instead of the recommended yellow fever vaccine. In a notice, Nairobi Governor Mike Sonko sounded the alarm to city residents and Kenyans over the unscrupulous health officials. Sonko said that the officers are luring unsuspecting Kenyans with cheaper prices of Sh1,000 for the vaccine, which goes for around Sh2,500 in authorized health facilities. “Members
0	"On our morning commute to work, a colleague and I play a game called ""Train Face."" The rules are simple: We board the train at the same time and the first person to see someone smiling wins. Not surprisingly, we often go miles with no smiles, the winner usually spotting a vacation smile as we near Union Square. Interestingly, what makes the game most difficult to win is not a plague of the ""Monday s."" It is the inability to see anybody s face properly. Most people have their chin tucked into their chest, "
0	 \t   Καταγγέλλει την εγκληματική επίθεση στους απεργούς      «Εκ μέρους της Εκτελεστικής Γραμματείας του ΠΑΜΕ που εκπροσωπεί το ταξικό συνδικαλιστικό κίνημα της Ελλάδας καταγγέλλουμε τη νέα εγκληματική επίθεση της κυβέρνησης του Καζαχστάν σε βάρος των απεργών στην πόλη Ζαναοζέν που είχε ως αποτέλεσμα πολλούς νεκρούς εργάτες και εκατοντάδες τραυματίες.      Το Συνδικάτο Εργαζομένων στο Φάρμακο - Καλλυντικό Αττικής επίσης εκφράζει την αλληλεγγύη και συμπαράστασή του στον ηρωικό αγώνα που δίνουν οι απεργοί 
0	Panorama de l Actualité Burundaise POLITITQUE - LES ACCORDS PALIPEHUTU-GOUVERNEMENT BR, 09-12-2008. Les partis politiques, la société civile ainsi que les organes internationaux se disent satisfaits des accords définitifs de cessation des hostilités entre le dernier mouvement rebelle Palipehutu FNL et le gouvernement Nkurunziza. Du coté de la population vivant dans des zones les plus touchées par les attaques de ce mouvement à savoir Bujumbura Rural, Bubanza et Cibitoke applaudit la décision de tous les d
0	Procès El Watan-médecin charlatan de Belouizdad (Alger) : Trois mois de prison ferme pour Omar Belhouchet et Salima Tlemçani Gravissime et surprenant ! Le tribunal correctionnel de Sidi M hamed près la cour d Alger a rendu hier son verdict dans le procès opposant un « raqui » (guérisseur-exorciste), dit docteur Sababou, exerçant à la rue Hassiba Ben Bouali (ex-Belcourt), à la journaliste Salima Tlemçani et au directeur d El Watan, Omar Belhouchet. Ainsi, après délibération suite à l audience qui s est ten
0	LOS ANGELES (Variety.com) - Comedy Store owner Mitzi Shore died Wednesday, according to a statement from the Comedy Store. She was 87. “It is with great sadness and very heavy hearts that we report the passing of Mitzi Shore, the legendary Godmother of the world famous Comedy Store,” the statement said. “Mitzi was an extraordinary businesswoman and decades ahead of her time who cultivated and celebrated the artistry of stand-up comedy. She was also a loving mother, not only to her own four children, but t
0	Un rapport d Amnesty attaque le Taser Les pistolets à impulsions électriques Taser peuvent tuer et leur recours par la police doit être réservé aux situations extrêmes, alerte Amnesty International dans un rapport sur l utilisation de cette arme aux Etats-Unis publié mardi. S appuyant sur des rapports d autopsie, l organisation de défense des droits de l Homme estime que, sur les 334 personnes mortes aux Etats-Unis entre 2001 et août 2008 après avoir subi le choc électrique d un Taser, une cinquantaine de
0	Reports of negligence and cover-ups on the part of a Veterans Affairs (VA) health care branch allegedly led to deaths and drew a call for investigation from Sen. John Cornyn (R-TX). According to CNN, Phoenix Veterans Affairs Health Care (PVAHCS) not only took months to process routine and emergency requests for appointments but also kept two separate lists of patients. One list showed patients as being seen and processed within two to three weeks as is VA policy but a second, secret list had patients on i
1	"Choléra: la frontière entre Afrique du Sud et Zimbabwe ""zone de catastrophe"" L Afrique du Sud a déclaré sa région nord, frontalière avec le Zimbabwe, ""zone de catastrophe"" en raison de la propagation de l épidémie de choléra, a indiqué jeudi un responsable du gouvernement provincial. ""Le gouvernement provincial a pris la décision de déclarer zone de catastrophe toute la région de Vhembe"" (nord-est), a affirmé à l AFP le porte-parole du gouvernement provincial, Mogale Nchabeleng. ""Cela va permettre de cour"
0	ERBIL/BAGHDAD Iraq, Oct 29 (Reuters) - Iraqi Kurdish leader Masoud Barzani said he would give up his position as president on Nov. 1, after an independence referendum he championed backfired and triggered a regional crisis. There was high drama at the Kurdish parliament, which was stormed by armed protesters as it met to approve the veteran leader’s resignation as Kurdish president. Some MPs were barricaded in their offices on Sunday evening. In a televised address, his first since Iraqi forces launched a
0	Saisie de 10 tonnes de bouchées au chocolat de contrefaçon Les douaniers de Rungis (Val-de-Marne) ont saisi pour la première fois plus de 10 tonnes de bouchées au chocolat de contrefaçon lors du contrôle d un container réfrigéré en provenance de Turquie, a annoncé lundi la direction générale des douanes. Cette saisie d un produit alimentaire solide de grande consommation, contrefaisant une marque très connue mais de très mauvaise qualité, est une première, selon la direction des douanes. A l occasion de c
0	              Το διάβασμα με τη μαμά και τον μπαμπά κάνει καλό     Πηγή: Express.gr 09/11/11-15:21    Τη σημαντική συμβολή που μπορούν να έχουν οι γονείς στις σχολικές επιδόσεις των παιδιών τους αναδεικνύουν στοιχεία του Οργανισμού Οικονομικής Συνεργασίας και Ανάπτυξης (ΟΟΣΑ) που επεξεργάστηκαν οι ειδικοί του διεθνούς προγράμματος αξιολόγησης μαθητών του οργανισμού (PISA).     Σύμφωνα με τα συμπεράσματα της σχετικής έρευνας που είδαν σήμερα το φως της δημοσιότητας οι 15χρονοι μαθητές που διάβαζαν με τους 
0	"Point de l actualité à 03H00 GMT BEIJING, 19 décembre (Xinhua) -- Voici notre rubrique """" : Rice rencontrera Abbas avant le sommet américano-palestinien WASHINGTON -- La secrétaire d Etat américaine, Condoleezza Rice, rencontrera et dînera jeudi soir à Washington avec le dirigeant palestinien,.... (BEIJING, 19 décembre (Xinhua) -- Voici notre rubrique "" "" : Rice rencontrera Abbas avant le sommet américano-palestinien WASHINGTON -- La secrétaire d Etat américaine, Condoleezza Rice, rencontrera et dînera je"
0	    京港澳高速湖南段车流量井喷 频发拥堵追尾事故    2012年01月17日 19:33\u3000来源：中国新闻网\u3000参与互动(0)   \u3000\u3000中新社长沙1月17日电 (傅煜 吕高安 江钻)一年一度的春节大迁徙正在火热上演，加之雨雪大雾天气滋扰，中国南北交通大动脉京港澳高速公路湖南段车流量“井喷”，频发拥堵追尾事故。   \u3000\u3000湖南地处中国中部地区，是贯通南北的咽喉之地，历来春运压力较大。湖南省高速公路管理局17日统计显示，今年1月以来，京港澳高速湖南段日均车流量超23万台次，其中16日达31万台次，呈“井喷”之势。   \u3000\u3000在雨雪天的阻挡下，蜂拥回乡的车流只能“慢步挪移”。1月16日下午，京港澳高速公路湖南由南往北方向发生拥堵现象，其中耒宜、潭耒、临长段较为严重。一位堵在耒宜路上的网友直发微博感叹，“堵车时，iPad下载了七部电影全部看完了。”   \u3000\u3000经高速路政、交警全力抢通后，17日凌晨5时，耒宜段(K1781-K1805段)发生一起8车追尾事故，再次造成该路段由南往北向拥堵。经紧急处置，事故路段于上午10时
0	Légionelle à lécole de gendarmerie Interdiction de se doucher ou dutiliser les lavabos dans trois bâtiments de lEcole des officiers de la gendarmerie nationale (EOGN) de Melun jusquà nouvel ordre. Vendredi, des tests menés par la société responsable du chauffage ont révélé la présence de légionelle dans leau. Une bactérie potentiellement dangereuse, en particulier en cas dinhalation des vapeurs deau chaude dans laquelle elle est présente, puisquelle peut provoquer la légionellose, une maladie parfois mort
0	“I agree that blacks are more likely to be stopped, more likely to be harassed and more likely to be arrested,” he clarified. “Ideally we would be able to set up an experiment to understand potential differences before an encounter. Unfortunately, that would require us to randomly assign civilian race in encounters of police, which isn’t possible!” Despite Fryer’s clarification, his paper reached the highest levels of government. In October, FBI director James Comey cited the study during a speech he gave
0	By Kat Craddock Here in the Saveur Test Kitchen, we’ve had ample opportunity to test drive a covetable selection of kitchen tools. Some of our favorites are the kitchen knives. When it comes to style, comfort, and function, many high end brands are worth every precious penny. Whether made in Japan, Europe, or the Wisconsin, the craftsmanship of the world s top bladesmiths is worthy of admiration. Chef s Knives These are the workhorses of the kitchen, so they should be your most thoughtful investment. Stic
0	    女主播视频门 韩版大S炫富 少女时代爆猛料   http://ent.dbw.cn\u3000\u3000 2011-12-09 19:08:26    国际在线娱乐报道 娱乐圈向来不缺新闻和话题，无论是明星主动奉上还是从业人员的深度挖掘精神，都可以满足忠实粉丝或者是看客们的好奇心。有趣的是，今日的新闻热点也许明天就会被新的话题所取代。   本周韩国娱乐圈曝出火爆程度不输陈冠希“艳照门”的美女主播性爱视频丑闻：女主播A某与前男友长达3分钟的性爱视频被人上传到了网上。随后，A某前男友的友人紧接着爆出猛料：A某与前男友B某同居多年……   相关阅读：韩国女主播性爱视频流出淫乱不堪A某为美女主持韩成珠   韩成珠性爱视频100%真实上传人C某称不怕对簿公堂性爱视频韩成珠艳照再曝前男友再发4张性爱艳照   韩性爱视频女主播因不堪爆料方连番轰炸被紧急就医\u3000韩“性爱门”男主B某已秘密潜逃报料人也不知其去向    ]
0	    Brak komentarzy do Najnowsze fryzury gwiazd - rozpocznij dyskusję i dodaj komentarz   Podobne do Najnowsze fryzury gwiazd   Najmodniejsze grzywki gwiazd!Grzywka w tym roku powróciła tryumfalnie na wybiegi mody i czerwone dywany. Specjalnie dla Was przypominamy najciekawsze pomysły na firankę nad czołem…więcej   Krótkie włosy gwiazd HollywoodGwiazdy kina i estrady tworzą najnowsze trendy w modzie. Spójrzcie jakie uczesania z krótkich włosów są modne wśród gwiazd Hollywood.więcej    ]
0	Drugs that are usually prescribed to treat erectile dysfunction in adult males may be able to help treat boys who have a muscle disease called Duchenne muscular dystrophy, according to a recent study HealthDay reported. Researchers found that popular drugs Viagra and Cialis improved blood flow to boys  weakened muscles, HealthDay reported. Duchenne muscular dystrophy is a progressive and fatal muscle disease that causes loss of muscle function in boys and young men. There is no specific treatment for the 
0	WASHINGTON ― Although their outline for tax reform calls for repealing a tax on extremely wealthy estates ― probably the single most progressive part of the tax code ― some Republicans in Congress seem open to keeping it. “I believe the estate tax is an unfair tax inherently, but if that means we have to compromise and put a cap on it, I’m open to that,” Rep. Tom Reed (R-N.Y.) told HuffPost Tuesday. “I’m really open to trying to find a solution to get to the finish line.” Reed is one of several Republican
0	    \t   К Железной леди заглянули под маску      Антон Вольский       Собственный корреспондент НТВ в Великобритании (г. Лондон)      В неприятии фильма «Железная леди» давние политические противники  лейбористы и консерваторы  проявили неожиданное единодушие. Кинокритики восприняли работу благосклонно и даже прочат «Оскар» исполнительнице главной роли Мерил Стрип.      Корреспондент НТВ Антон Вольский пообщался с создателями картины на премьере в Лондоне.       Чтобы перевоплотиться в британского премье
0	" \t   Polacy opieszali; Słowacy stracą unijne wsparcie      PAP/Rzeczpospolita - 02-01-2012 05:46      Most na Popradzie miał połączyć Piwniczną ze słowackim Mniszkiem ale prace nie ruszyły z miejsca bo polski rząd mimo obietnic nie przekazał pieniędzy na budowę naszej części inwestycji informuje ""Rzeczpospolita"".      Słowacy mogą stracić 20 mln euro unijnej dotacji na swoją część jeśli Polacy pilnie nie rozpoczną prac donosi gazeta.      Burmistrz Piwnicznej Zdroju Edward Bogaczyk napisał list otwarty d"
0	Le développement humain occupe une bonne place dans le plan daction du Premier ministre > Le développement humain occupe une bonne place dans le plan daction du Premier ministre . Confortés par les importants progrès réalisés par lAlgérie et reconnus par des organisations internationales, les services dAhmed Ouyahia ont décidé de renforcer les actions déjà initiées dans ce domaine en les améliorant davantage. Il est ainsi question de faire progresser encore la réforme dans léducation nationale, à travers 
0	Brèves africaines Somalie Des pirates libèrent « sans rançon » un bateau yéménite Des pirates somaliens ont libéré « sans rançon » un navire de transport yéménite capturé il y a dix jours, a annoncé à lAFP hier un responsable du gouvernement de la région semi-autonome du Puntland, dans le nord-est de la Somalie. Le ministre adjoint des Affaires étrangères Ali Abdi Aware a affirmé quaucune rançon navait été payée en échange de la libération du MV Arena, qui a eu lieu tard mardi soir. Léquipage, composé de 
0	"Vendée Globe : Yann Eliès secouru, ""les dauphins sont venus se mêler à la fête"" Le skippeur Yann Eliès (Generali), victime d une grave blessure jeudi dans le Vendée Globe, a été évacué samedi peu avant midi à bord de la frégate australienne HMAS Arunta, selon le témoignage de Marc Guillemot (Safran), transmis samedi en direct avec le PC course à Paris. Marc Guillemot a fait cette annonce au PC course après s être entretenu avec le commandant du bateau. L annonce a été accueillie par des applaudissements a"
0	Bon Aïd ! La célébration, aujourd hui, de l Aïd El Kebir, ne nous empêche pas de traiter d un thème pas trop gai, mais d une brûlante actualité. En effet, à l instar de tous les pays de la Planète Terre, la Tunisie vient de célébrer la Journée mondiale de lutte contre le sida, ce fléau qui.... La célébration, aujourd hui, de l Aïd El Kebir, ne nous empêche pas de traiter d un thème pas trop gai, mais d une brûlante actualité. En effet, à l instar de tous les pays de la Planète Terre, la Tunisie vient de c
0	    春節就醫何處去？ 健保局公佈特約院所   台灣醒報 (2012-01-11 16:58)    【台灣醒報記者潘姿羽台北報導】春節期間，民眾若不小心吃壞肚子，或是身體出了問題該怎麼辦？健保局提醒民眾，可以上網查詢特約醫療院所的看診情形，健保局網站也有公布各院所的看診時段，希望民眾可以開心又安心的過新年。    健保局醫務管理組組長蔡淑鈴表示，出門在外最怕的就是生病，如果真的不小心感冒或身體不舒服，可以到「健保局全球資訊網」的一般民眾／健保醫療服務／掛號費及看診時段查詢，輸入想查詢院所的縣市、鄉鎮市區、地址或院所名稱，便能就近找到特約醫療院所。    有些民眾可能不習慣把重要證件帶在身邊，蔡淑鈴對此表示，如果春節時，身體不適需要就醫，但沒未帶健保卡，可以在自費就診後7天內(不含例假日)帶健保卡到原就診院所辦理退費。    另外，如果是緊急傷病、臨時分娩，必須在非全民健保的特約醫事服務機構就醫，或出國旅遊時有緊急情況，要在當地醫療院所立刻就醫，民眾可以在就診後6個月內附上「自墊醫療費用核退申請書」、「醫療費用收據正本及費用明細」、「診斷書或證明文件」、「於國外就醫者需另備當次出入境證明文件」，就能向投
1	Cape Verde: ‘Sudden and unprecedented increase’ in malaria in 2017 During the past five years, an average of one locally acquired case annually of malaria has been reported in Cabo Verde, or Cape Verde. In 2017, between 30 June and 30 July 2017, 45 indigenous cases and one imported case were reported, all in the capital city of Praia, Santiago Island. More than half the cases are reported in adult males. The causative agent has been confirmed as Plasmodium falciparum using both microscopy and rapid diagno
0	Like the rest of the world, I was so sad to hear about the passing of the brilliant and legendary Maya Angelou this week. I truly feel we have lost one of the most inspiring and incredible people on this earth. My whole life, as a writer and activist, I was always in awe of her, and she was on top of my interview wish list. Back in 2008, I submitted the first interview request to her office to be considered amongst her busy schedule. After almost a year passed, and I received the email informing me of the
0	Chip Somodevilla via Getty Images Dr. Anne Schuchat is serving as interim director of the CDC. Dr. Tom Frieden, one of the longest-serving directors of the U.S. Centers for Disease Control and Prevention, turned in his resignation Friday at the beginning of President Donald Trump’s new administration. In his place, Dr. Anne Schuchat has begun to serve as interim director of the CDC until Dr. Tom Price, a Republican congressman from Georgia and Trump’s pick for secretary of Health and Human Services, is co
0	 Police seek more sexual victims of HIV-infected man Postmedia NewsJanuary 11, 2012 Police are seeking more victims of a Toronto-area man who they say had sexual relations with women without disclosing he was HIV-positive. York Regional Police on Wednesday issued a picture of Sarbjit Singh Mann, 39, of Stouffville, Ont., who was charged this week with aggravated sexual assault and criminal negligence. Authorities have identified one person they say is one of the accused s victims and are hoping the photo 
0	"Dr. Thomas Frieden, director of the Centers for Disease Control and Prevention, receives a flu shot from Sharon Bonadies at the conclusion of a news conference at the National Press Club in Washington, Thursday, Sept. 18, 2014. ""Vaccination is the single most important step everyone 6 months of age and older can take to protect themselves and their families against influenza,"" said Frieden. Influenza hospitalized a surprisingly high number of young and middle-aged adults last winter, and this time around "
0	" Boy swallows coin on way to get ice cream Jonathan Carson January 17, 2012 A young New Zealand boy became seriously ill after swallowing a $NZ2 coin while on his way to spend it on an ice cream. And with the coin now safely removed from his throat the ""chirpy"" 10-year-old still wants to invest it in a cold treat. His parents, however, plan to save the coin for his 21st birthday as a reminder of his, in hindsight, ""quite funny"" ordeal. The boy was walking to a dairy in Tauranga with his two siblings to bu"
0	This post originally appeared on BrandMentalist.com Another year has almost gone by, but now is the perfect opportunity to reflect and build a plan for next year. I ve come up with a set of questions to help you reflect, focus and build a plan to make your 2015 a successful year that embraces mindfulness and conscious living. By reflecting on moments that happened in your life, externally and internally, you get deep into your subconscious and reassess whether your goals are in line with your priorities a
0	    \t   Министр здравоохранения Украины Александр Анищенко сообщил что Днепропетровский регион является одним из лидеров в реформировании экономики и здравоохранения в Украине.      В реализации медицинской реформы по некоторым вопросам область опережает остальные четыре пилотных региона.      Об этом министр заявил отвечая на вопрос журналиста ИА «МОСТ-ДНЕПР».      «Главная цель моего визита ознакомиться с ходом реформирования системы здравоохранения в Днепропетровской области. То что я знаю по отчетам 
0	"09-12-2008 - Zimbabwe: Mugabe rejette les pressions occidentales Le président Robert Mugabe a accusé les Etats-Unis et le Royaume-Uni de prévoir une invasion du Zimbabwe, rejetant de nouveau avec force les appels de la communauté internationale pour son départ, a indiqué mardi son porte-parole. George Charamba a accusé les pays occidentaux d utiliser le problème alimentaire et l épidémie de choléra dans le pays pour tenter d amener le régime de Mugabe devant le Conseil de sécurité de l ONU. ""Ils sont auss"
0	"Le dernier réveillon aux huîtres ? 80 % des diploïdes destinées à être consommées en 2009 et 2010 sont mortes cet été après une vague de virus. Les ""fines de claires"" baignent dans cette eau peu salée, à une vingtaine par mètre carré, pendant deux à trois mois d affinage. Les creuses dites ""spéciales de claires"" - ou simplement spéciales, à cinq ou six par mètre carré, attendent six mois une consistance plus affirmée de leur chair et l équilibre entre douceur et salinité. Un temps d affinage plus long enc"
0	 \t   Κατρακυλούμε ευτυχισμένοι στον κατήφορο   Οι ανίκανοι είναι ικανοί για όλα και σπρώχνουν την Κύπρο από το κακό στο χειρότερο    Ζούμε σε μια εποχή εξαιρετικά δύσκολη αλλά και κρίσιμη.   Ζούμε στην εποχή των μεγάλων ανατροπών. Η πίστη στα μεγάλα ιδανικά και στις πανανθρώπινες αξίες της φυλής άρχισαν να ξεθωριάζουν. Βρίσκονται υπό συνεχή διωγμόν όπως υπό διωγμόν βρίσκονται και οι κοινωνικές αλλά και οι πνευματικές κατακτήσεις.   Δυστυχώς η εποχή μας κατρακυλά σαν βράχος στον γκρεμό της απιστίας. Η κοι
0	LEE JIN-MAN/AFP via Getty Images President Donald Trump has made no secret of his animosity toward CNN. Using it as a stick in any federal approval of an AT&T-Time Warner merger would not be a healthy sign. The only encouraging ideological trend in the United States over the past two years has been the nation’s steady awakening to the political problems posed by monopoly power. Corporate mega-mergers, once viewed as an inevitability carrying, at most, modest implications for consumer prices, are coming to
0	"Jack Spratt could eat no fat, His wife could eat no lean. So begins the popular children s nursery rhyme about a couple that between the two of them ""licked the platter clean."" Reading these words today, you might think Mr. Spratt sounds like a victim of the bad advice we got in the second half of the last century to eat a low-fat diet, and Mrs. Spratt sounds like a follower of the trendy meat-heavy ""Paleo diet"" loved by modern CrossFit worshipers and couch potatoes alike. Do you immediately identify with"
0	"Dépêche : BINDURA (AFP) - ""Le Zimbabwe m appartient"", affirme le président Robert Mugabe Le président zimbabwéen Robert Mugabe a défié vendredi les appels à sa démission qui se multiplient face à la crise humanitaire dans son pays, affirmant : ""le Zimbabwe m appartient !"" ""Jamais, au grand jamais je ne vendrai mon pays. Jamais, jamais, je ne me rendrai jamais"", a déclaré M. Mugabe, 84 ans dont 28 au pouvoir. ""Le Zimbabwe m appartient !"", a-t-il lancé devant le congrès annuel de son parti à Bindura, petite"
0	What is it about American culture that breeds so many misogynistic Neanderthals? And why are so many of them installed in the country’s seats of power? If you find yourself asking these questions, you are not alone. And if you feel incessantly incensed and perplexed that Republicans continue to support this president, look no further for an explanation than to the issue of women’s rights. While most of us couldn’t take our focus off the horror of the Las Vegas massacre this week, all the president’s Neand
0	It only took me 28 years to stop making life all about me. It was a road plagued by various addictions at varying levels of intensity, lies, betrayal -- and, since I m being honest, an unbelievable amount of fun. What I ve realized is that experience is the pavement of our sidewalk to personal freedom. Our personal costs often come at a price, but the cost of what we can achieve is priceless. I could not have gotten to a space of inner contentment without having had to suffer for every wrong, every lie, a
0	 Odisha: Pipli gang rape to be shifted to AIIMS; Crime branch issues photos 4 accused Bhubaneswar: The team of doctors comprising the heads of six departments and attending to the victim still in a comatic state have decided to shift her to AIIMS in New Delhi for better treatment. The doctors expressed concern over the critical condition of the victim. However, no dates have been fixed for shifting the victim to AIIMS. Health secretary Anu Garg who visited the SCB medical today reviewed the treatment and 
0	"    \t   Смена вывески: как в Чувашии меняли ""президента"" на ""главу""      Фото Владимира Иванова      В Чувашии упразднён институт президентства: с 1 января 2012 года высшее должностное лицо республики именуется ""главой"" а не ""президентом"". Теперь о существовании ""президентского периода"" в истории Чувашии будет напоминать лишь Президентский бульвар - одна из главных магистралей Чебоксар где и находится Дом правительства. На самом здании новой правительственной высотки по Президентскому бульвару дом 10 выв"
0	Dépêche : Par Mouctar BAH - Guinée: décès du président Lansana Conté après 24 ans de règne contesté Le président de Guinée, le général Lansana Conté, est mort lundi soir à l âge de 74 ans, après un long règne de 24 ans marqué par de sanglantes répressions et une gestion calamiteuse d un pays classé parmi les plus pauvres du monde malgré un sous-sol très riche. Aussitôt après l annonce du décès, dans la nuit de lundi à mardi, le Premier ministre Ahmed Tidiane Souaré a lancé, via la télévision d Etat, un ap
0	Sylvia Burwell the Secretary of Health and Human Services announced this past week that consumers have saved more than $9 billion on premiums for health insurance since 2011 thanks to the Affordable Care Act. The 80-20 rule, which was created out of the law, is also referred to as the Medical Loss Ratio. It requires insurers to spend a minimum of 80% of premium dollars towards quality improvement or patient care. If the insurer spends over 20% amount on red tape and profits, they owe the consumers a refun
1	Auckland health officials are worried a separate strain of measles not linked to cases from overseas may be starting to spread but stress those who have had two MMR vaccines are still protected. Auckland Regional Public Health Service says there were no measles cases in 2013 until just before the New Year, since when there have been 17 cases. Photo: PHOTO NZ Auckland medical officer of health Dr Richard Hoskins says several cases have been traced back to the Philippines, where the infection is not uncommo
0	In its Healthy People 2020 initiative, HHS set a goal of reducing the incidence of salmonella illness to 11.4 per 100,000 people by the end of the decade. The rate in 2013 was 15 per 100,000 people, the same as the figure from 2005-2006 used as the baseline for the public health initiative. In all there were more than 19,000 reported cases of foodborne infections in the U.S. in 2013, resulting in 4,200 hospitalizations and 80 deaths, according to data obtained through a tracking network that includes 10 s
0	 Vaccination still available Published on January 17, 2012 Pam Snow The Department of Health and Community Services sent out a reminder to residents on Tuesday that the seasonal influenza vaccination is still available throughout the province. To receive the flu shot, contact your family physician or public health office. The influenza vaccine is provided at no cost to high-risk individuals, including; Adults and children with chronic conditions requiring regular medical or hospital care such as respirato
0	Rhume : 10 remèdes pour le soulager... vite ! 1. Linhalation de lavandePrincipe : Inhaler de la vapeur chargée en actifs pour dégager rapidement les voies respiratoires. La chaleur décongestionne parce quelle dilate les vaisseaux 1. Linhalation de lavande Principe : Inhaler de la vapeur chargée en actifs pour dégager rapidement les voies respiratoires. La chaleur décongestionne parce quelle dilate les vaisseaux sanguins, accélère la circulation et booste ainsi les réflexes immunitaires. A noter : la vapeu
0	TRENTON, N.J. — Astronomical prices for breakthrough new cancer drugs are pushing up treatment costs for patients as well as insurers, making it tougher for patients to complete lengthy therapy at a time when it s increasingly effective. Global spending on cancer medicines hit $91 billion last year, up from $71 billion in 2008 and $37 billion a decade ago, according to a report from the IMS Institute for Healthcare Informatics. That s despite factors that have slowed the average annual increase in cancer 
0	Belarus comes out on top among the most prolific consumers of alcohol People in the UK are among the most prolific drinkers in the world, according to a report released by the World Health Organisation (WHO). Britons over the age of 15 on average drink 11.6 litres of pure alcohol a year, according to the “Global status report on alcohol and health 2014”. The report provides country profiles for alcohol consumption in the 194 WHO member states, looking at the resulting impact on public health and policy re
0	    有分析认为柯达在寻找转机，也有观点认为，柯达只是在为“卖个好价钱”做准备   2012年01月12日14:57来源：《羊城晚报》手机看新闻   \u3000\u3000羊城晚报讯 记者帅鹏坤报道：面临破产危险的柯达似乎不愿就此沉沦，本周二，柯达出手两大动作，让人们对其前途再生疑惑。1月10日，柯达宣布将目前的三个业务部门重组为商业部和个人消费部两个部门，希望借此度过财政危机。同日，柯达对苹果和HTC提起专利诉讼。   \u3000\u3000柯达中国方面昨日接受羊城晚报记者采访时表示，尚未接到美国总部通知，不便对上述事宜作出评论。但对外界“转型不成功导致柯达衰落”的说法，柯达中国公关部门表示“柯达公司近年来的整合是成功的。”   \u3000\u3000宣布重组计划   \u3000\u3000柯达在1月10日宣布了重组计划，据媒体报道，柯达将把目前的3个业务部门重组为商业部和个人消费部这两个部门，希望借此降低成本并提升生产率，以帮助公司度过财政危机。   \u3000\u3000据悉，商业部将包括成像通信集团，同时还将接管娱乐成像和商业胶卷业务。个人消费部将包括消费者数字成像集团，以及原来的胶卷
0	    治公款消费 莫患“茅台焦虑症”   http://www.enorth.com.cn\u3000 2012-01-17 21:06   \u3000\u3000又到一年新春佳节，也是酒消费的旺季，53度飞天茅台一路攀升至接近2000元，对此，上海市人大代表、新华社上海分社社长慎海雄等向市第十三届人大第五次会议提交了“建议公款消费不准喝茅台酒”的书面意见。(据1月16日《东方早报》报道)   \u3000\u3000蜚声中外的茅台酒，似乎成了公款吃喝、公款消费的“代名词”。前不久，深圳市委书记王荣公开表示：茅台那么贵，如果不是公款消费绝对不会到那个价格。此言在网络上引起强烈反响，现在又有上海的人大代表建议公款消费禁喝茅台。难道根深蒂固的官场酒文化和“三公消费”，果真能如此简单地“一禁了之”？   \u3000\u3000答案无疑是否定的。公宴上即使禁了茅台酒，还有五粮液、剑南春以及名目繁多的地方名酒乃至外国名酒，它们同样价格不菲，市场渠道同样倚重公务消费，难道也要穷尽可能，编制一份详尽完备的“禁喝目录”？   \u3000\u3000显然，某些人在治理公款消费方面已经陷入了一个思维误区或怪圈，我们姑
1	An outbreak of a tick-borne cattle disease has been confirmed in South Australia, following the deaths of five cattle in the state s South East. Biosecurity SA says the disease, known as theileriosis, is endemic in high rainfall regions of New South Wales and Victoria, where deaths are uncommon and the disease is considered benign. But South Australia s chief veterinary officer, Dr Roger Paskin, says when the disease moves to a new area, its effects can be more severe, although it s still considered a mil
0	" Quit Kit to help smokers kick the habit DOCTORS are urging those who have made a new year resolution to quit smoking to get the help they need. The NHS is releasing a new and improved ""Quit Kit"" for 2012 which contains addiction tests, nicotine patches and gum, wall planners and information to help smokers to give up the expensive habit. SUPPORT: The NHS Quit Kit In addition to the Quit Kit, the NHS Smokefree website also features a ""Quit App"" for iPhones and a cost calculator, allowing smokers to see ex"
0	"    \t   Хлеба в государственных закромах будет достаточно даже если самые пессимистические прогнозы на урожай 2012-го оправдаются поэтому оснований для подорожания караваев не возникнет считают в правительстве.      ""Именно наполнение внутреннего рынка продовольственной пшеницы в 2012/13 маркетинговом году будет основой для формирования стабильной ценовой ситуации на нем. Сейчас правительством разрабатываются и принимаются ряд организационных мер по этому вопросу"" - отмечают в Кабмине.      А вот относит"
0	"Sarah Thistlethwaite holds her twin daughters, Jenna and Jillian, after her delivery of the rare monoamniotic twin girls at Akron General Hospital in Ohio. (AP/Akron Beacon Journal) Twin girls born with a rare condition in the US are now breathing on their own. Mother Sarah Thistlethwaite said babies Jillian and Jenna were removed from ventilators yesterday after they were able to breathe comfortably. ""It s just hard to put into words how amazing it feels to know the girls are OK,"" she said. The identical"
0	             Έρευνα της Εθνικής Σχολής Δημόσιας Υγείας για κόστος θεραπείας του διαβήτη     Πηγή: Express.gr 10/11/11-18:21    Μεγαλύτερη πιθανότητα να μη συμμορφώνονται με τη θεραπεία να παρουσιάζουν επιπλοκές και να «κοστίζουν» στο κράτος πολύ περισσότερα χρήματα έχουν οι διαβητικοί μη ινσουλινοεξαρτώμενοι ασθενείς για τη θεραπεία της χρόνιας νόσου των οποίων η πολιτεία δεν καλύπτει το 100% της δαπάνης. Αυτό δείχνει έρευνα που εκπονήθηκε από ειδικούς της Εθνικής Σχολής Δημόσιας Υγείας και παρουσιασθηκε 
0	"Laurent Gbagbo dans le canton Guébié : ""Nous n`avons pas de ontrat de vengeance"" Même si les événements de 1970 ont été douloureux, le Chef de l`État exhorte les populations à tourner la page (Frat Mat) Le Chef de l`état a répondu samedi à Gnagbodougnoa, à l`invitation que lui a faite la population de la sous-préfecture, en vue de lui rendre hommage. Le Guébié a reçu Gbagbo Laurent en grande pompe, samedi dernier, pour lui rendre hommage. Chose à laquelle il tenait depuis que le Chef de l`Etat [... Le Che"
0	Did you know that by 2005, the total number of cardiovascular disease (CVD) deaths (mainly coronary heart disease, stroke, and rheumatic heart disease) had increased globally to 17.5 million from 14.4 million in 1990, and that the World Health Organization (WHO) estimated there would be about 20 million CVD deaths in 2015, accounting for 30 percent of all deaths worldwide (WHO, 2005)? Death from heart disease is common, and the key for prevention is not getting it to begin with ― or at least reducing your
0	His doctors described in a separate interview an advanced cancer of unknown origin that had metastasized. Despite an exhaustive search, doctors said they have been unable to find the source of the cancer and suggested they never will. It was discovered in early February as his primary care physician, Dr. Charles A. Morris, examined Menino’s back because of chronic weakness in his legs. Menino has never been one to hide his feelings, not the joy he felt at governing his city for a record 20 years, not the 
0	 \t   Ξεπερνούν τους 1.000 οι νεκροί      ΜΑΝΙΛΑ.--   Τους 1.000 φτάνουν πλέον οι νεκροί από τον τυφώνα Γουάσι που χτύπησε το Σαββατοκύριακο το νησί Μινδανάο των Φιλιππίνων. Επίσκεψη στην πληγείσα περιοχή πραγματοποίησε χθες ο Πρόεδρος της χώρας Μπενίνιο Ακίνο αναφερόμενος σε εθνική καταστροφή. Οι αρχές έχουν ήδη ξεκινήσει τις μαζικές ταφές των νεκρών προκειμένου να αποφευχθούν οι επιδημίες ενώ υπάρχουν σοβαρές ελλείψεις σε φάρμακα καθαρό νερό και καταλύματα. Περισσότεροι από 40.000 άνθρωποι έμειναν άστεγ
0	    Ekspresowe zabiegi upiększające przed karnawałem   05 Sty 2012   Okres świąteczno – noworoczny to nie tylko czas przyjemności lecz także wytężonej pracy i nawału dodatkowych obowiązków. Dbanie o siebie stanowi wtedy najmniejsze zmartwienie.     Pomiędzy Bożym Narodzeniem do którego przygotowujemy się bardzo skrupulatnie a Sylwestrem jest niewielki odstęp. Często wydaje nam się że jedyne co możemy zrobić to umówić się do fryzjera i na manicure ale nic bardziej błędnego! Istnieją bowiem ekspresowe zabie
0	 \t   ΠΕΜΠΤΗ 15-12-2011      Αρχικά τοπικές νεφώσεις και τοπικά περιορισμένη ορατότητα. Βαθμιαία στα δυτικά οι νεφώσεις θα αυξηθούν και θα σημειωθούν τοπικές βροχές και τη νύχτα στα βορειοδυτικά σποραδικές καταιγίδες. Ανεμοι: δυτικοί νοτιοδυτικοί 3 με 5 και βαθμιαία στα πελάγη 6 και τοπικά 7 μποφόρ. Θερμοκρασία: σε μικρή άνοδο στα ανατολικά.       ]
0	 Smaller servings mean more balanced meals for kids: US study January 17, 2012 3:21pm Feeding preschoolers smaller portions of the main dish at lunchtime means they ll eat more fruit and vegetables on the side and fewer total calories, according to a new study. Researchers said the finding may give parents one extra strategy to encourage youngsters to eat more greens, as childhood obesity rates continue rising and research suggests that kids lag well behind guidelines for fruit and veggie consumption. Wit
0	Décès de l ancien président chypriote Tassos Papadopoulos L ancien président chypriote Tassos Papadopoulos est mort vendredi des suites d un cancer du poumon, moins d un an après sa défaite à la dernière présidentielle qui a débloqué les négociations sur la réunification de l île. Tassos Papadopoulos, le champion du nationalisme chypriote-grec L ancien président chypriote Tassos Papadopoulos, décédé vendredi à 74 ans, a incarné la frange dure du nationalisme chypriote-grec pendant un demi-siècle, tout au 
0	How far would you go to avoid being alone with your thoughts? People vastly prefer passive activities like reading or listening to music over spending just a few minutes by themselves. Being alone with no distractions was so distasteful to two-thirds of men and a quarter of women that they elected to give themselves mild electric shocks rather than sit quietly in a room with nothing but the thoughts in their heads, according to a study from the University of Virginia. The study found that most men would r
0	Donald J. Trump has failed and he clearly hates it. His business failures, and there were many, could be swept under the rug with a bankruptcy. Today’s very public failures as president won’t go away and will haunt him every day. Just this past week he has been repudiated by Congress losing on his main campaign promise, the effort to repeal and replace the Affordable Care Act. He was publicly scolded by Republican senators for his attacks on Attorney General Jeff Sessions and for not understanding the rul
0	Faire face au défi de leau pour nourrir lAfrique « Leau pour lagriculture et lénergie en Afrique ». Une conférence qui sest achevée ce mercredi, à Syrte, en Libye, a réuni autour de ce thème, les ministres et hauts fonctionnaires de 53 pays africains. Ils se sont mis daccord sur limportance de la maîtrise et de lutilisation rationnelle des ressources en eau au plan national, régional et continental au profit de lagriculture et de lénergie. Cest la seule voie, selon eux, dassurer la sécurité alimentaire et
0	CRISE DU SIDA L Afrique se réunit à Dakar, crainte d une baisse de l aide L Afrique, continent le plus touché par le sida, s est retrouvée à Dakar pour faire le point sur deux décennies de lutte contre la pandémie, au moment où la crise économique mondiale fait craindre une baisse des financements occidentaux. En marge de la 15e conférence internationale sur le sida et les infections sexuellement transmissibles en Afrique (Icasa), qui se poursuit jusqu à dimanche, la co-lauréate du prix Nobel 2008 de méde
0	    \t   Италия. Ученые изобрели жевательную резинку для похудения      Изобретение итальянских биохимиков подавляет аппетит благодаря содержанию особого гормона PYY       Итальянские биохимики изобрели жевательную резинку которая подавляет аппетит тем самым способствуя избавлению от лишних килограммов.       Как выяснил ученый Роберт Дойл и его коллеги аппетит и многие другие энергетические процессы в организме человека регулирует особый гормон PYY - пептид тирозин-тирозин достаточное количество которого
0	A newly announced partnership brings two experimental drugs into a study of whether early treatment can prevent or delay Alzheimer s disease. (Photo: Getty Images/iStockphoto) Alzheimer s dooms its victims and forces loved ones to watch as husbands, wives, mothers and fathers slowly disappear, one memory at a time. There s hope — and a whole lot of science — behind efforts to change that. The Valley s Banner Alzheimer s Institute is at the forefront of those efforts. A newly announced partnership between 
0	    \t   Νέα συγκέντρωση σήμερα έξω από το υπουργείο Εργασίας      Κάλεσμα μαζικής συμμετοχής απευθύνει η Γραμματεία Αττικής του ΠΑΜΕ στους εργάτες και τα συνδικάτα του Λεκανοπεδίου      Μαζικό μαχητικό αποφασιστικό «παρών» θα δώσουν οι απεργοί χαλυβουργοί έξω από το υπουργείο Εργασίας σήμερα στις 12 το μεσημέρι με νέα συγκέντρωση κατά τη διάρκεια της νέας τριμερούς συνάντησης που έχει οριστεί. Κλιμακώνοντας την έμπρακτη συμπαράσταση στους απεργούς η Γραμματεία Αττικής του ΠΑΜΕ απευθύνει κάλεσμα μαζικής σ
0	 \t   Ryzyko raka skóry u mężczyzn związane z niższym poziomem przeciwutleniacza      2011-12-05 14:51:56 Medycyna       Naukowcy z Uniwersytetu Stanowego Ohio (USA) zaobserwowali że w skórze samców myszy laboratoryjnych występuje niższy poziom tego przeciwutleniacza niż w skórze samic. Podwyższony jest natomiast poziom komórek biorących udział w reakcjach zapalnych związanych z ryzykiem rozwoju raka.       Reaktywne formy tlenu powstają w wyniku ekspozycji na promieniowanie UVB które powodując uszkodzeni
